dim,rho_arat,rho_fma
0,0.6369647192613377,0.6339003767360223
1,0.6605808687927457,0.6356728973092692
2,0.5525985415353325,0.5179255620560975
3,-0.6038239056189181,-0.6034898939691005
4,-0.6870131473682761,-0.6745709076902331
5,0.7001359835078925,0.6867434529881847
6,-0.5746142129984972,-0.5577307132016419
7,0.7387518723416756,0.7110096617784724
8,0.5386843708114176,0.5292087536632839
9,0.6328694466425961,0.6214030240031827
10,0.6900592435078354,0.6812518872854685
11,-0.7159061512949807,-0.7030008384553728
12,-0.0032776118349655825,-0.04063650350865097
13,-0.08642658998512245,-0.11135558894519398
14,-0.590632156780669,-0.5794626506487663
15,0.4684150986057014,0.47597126838304304
16,-0.6709812661863809,-0.6505382509126508
17,-0.02365021873073205,0.012225133168362094
18,0.6281253106367292,0.6286972709695282
19,-0.2731265765806189,-0.2981523447493765
20,0.7374858918667953,0.7195126564132232
21,0.6745198171161688,0.6542209485434543
22,0.531621206351565,0.5070398728811313
23,-0.6841861781243689,-0.6635661224558079
24,0.4930362895171675,0.468617473386968
25,-0.6236707628251165,-0.5982558541611883
26,-0.39984541486626196,-0.4113516025630785
27,-0.6824130311595517,-0.6722036801707267
28,0.5388268420085908,0.5026773996901691
29,0.35863252388400874,0.38099834777277974
30,0.6616292709719432,0.6609823566463762
31,0.7050473683104408,0.6846816991276803
32,0.5337087191101445,0.5476848832511723
33,0.6451777191983752,0.639616987590054
34,-0.47181659843820883,-0.4888854573239894
35,-0.7080609438506453,-0.6978974949724512
36,0.690011236908788,0.6674916523117421
37,-0.6724686964568672,-0.6531305235834725
38,-0.5979376771357128,-0.5955870197378572
39,0.5248391127861354,0.5294221985490676
40,0.6546861230097093,0.6290537857968698
41,-0.6770734584654995,-0.657674734267765
42,0.6534162710349057,0.6526363522718214
43,0.6458978181840869,0.6310088172144823
44,-0.4421159996275285,-0.44118516545755626
45,0.25609894561848134,0.2777173169886984
46,-0.40573783774934447,-0.3699084939244553
47,-0.7018262803743537,-0.6908476269333074
48,-0.3661378136350886,-0.37216281219278624
49,0.6908761299916267,0.678321660212156
50,-0.5788891232136744,-0.5845033526978164
51,0.6220362155575492,0.6205631647786861
52,-0.6929481567505136,-0.6773487846095625
53,0.6307919997838168,0.6290445055844442
54,0.6748814152089941,0.6691412100703528
55,0.12088913370131621,0.1437868379677416
56,-0.6409415239824299,-0.639811872050987
57,-0.5946368363012081,-0.5885309648904296
58,0.3178276889936588,0.3297723485357391
59,-0.662294394658746,-0.6606745629342679
60,0.09959975562374034,0.12374389918203561
61,0.12256936466797705,0.15700186046147716
62,0.01630056327656401,-0.006697219966979742
63,0.2836129212725487,0.30505295603867905
64,0.08743937436502677,0.11421621442531615
65,0.582430771343401,0.5834167944930119
66,0.05526024130352557,0.08935607203980453
67,-0.4093398812778727,-0.37165626726456785
68,0.402975135404162,0.41937357285378074
69,0.4196458140733822,0.42353265472242013
70,0.3612512064320487,0.37802713309458846
71,0.7532653512536991,0.7341127506114461
72,-0.33763428260065614,-0.30671643411592775
73,-0.35001766225494496,-0.31291252261193714
74,-0.7080160344515365,-0.686894256440097
75,0.6891517639258417,0.6831349970567844
76,-0.14488469022519607,-0.1685526315269286
77,0.08737665606627124,0.12079511168387236
78,0.03670801367163912,0.06105142414240747
79,-0.36055820794579924,-0.3177614336041962
80,0.09446382382564758,0.11729724495054102
81,0.21537308932656432,0.2420959949449277
82,0.4032995670977247,0.4203951695716076
83,-0.39583376664586123,-0.35879621289610286
84,0.350807448239274,0.3792126802319303
85,0.5334570716151378,0.5378455380271673
86,-0.314912449551503,-0.28022838780079806
87,-0.6198890817001527,-0.5820781238506515
88,0.43722474662458083,0.4161077114310838
89,-0.25982952294445916,-0.23877909235389122
90,0.3105345574383692,0.3270370059233596
91,-0.5882651217276358,-0.5644201996582672
92,0.49604367065749494,0.5158924221839046
93,-0.29931804786092736,-0.2683350222266432
94,0.2311703576131147,0.2592450541559873
95,0.6357173219860884,0.638456961036882
96,0.11383061504137144,0.1471455015146923
97,-0.2314940150066927,-0.2025754369804282
98,0.47552859256455543,0.4840574268096875
99,-0.7505638186073028,-0.7166458441248174
100,0.6740389768257097,0.6583173889782222
101,-0.461068540351472,-0.42835836518361564
102,-0.6931897383457202,-0.6764733512374352
103,0.10733733537021117,0.13380751620632053
104,-0.37576933114398,-0.3403680310724123
105,-0.4804717236664737,-0.4584254800907987
106,-0.5440975020040102,-0.5123133535918513
107,-0.39489918656440515,-0.3674113434309937
108,0.4819769628366068,0.49626013279802156
109,0.6911448120862955,0.6696763689868825
110,0.626098967576936,0.6003245681810117
111,0.6342422805153562,0.6311279132739415
112,0.05718669966530075,0.09039854923558845
113,-0.6649448235061561,-0.6432231234683482
114,-0.5059980712599796,-0.4761112449204592
115,0.4959910182585397,0.5046270176505335
116,0.4241878577832589,0.4258558012329059
117,0.3559503487372285,0.3749785833128524
118,0.21008616903146748,0.22286507474644213
119,0.165245682621193,0.18035783508304243
120,-0.7232364492495329,-0.7189078959035029
121,0.037377008858364896,0.06906643427379061
122,0.2755392953327457,0.2932639928543097
123,0.5049001138817654,0.5143588670806113
124,-0.030001027204719224,0.002928680371241603
125,-0.23735004579049726,-0.21680973613888424
126,-0.39586551294523126,-0.4014210019168907
127,0.6279015379411695,0.6227308677310468
128,-0.07654265068123972,-0.058005967764813225
129,-0.07654265068123972,-0.058005967764813225
130,-0.07587133259456003,-0.05691167604965429
131,-0.07469826811783598,-0.05627288809437424
132,-0.07322245234711913,-0.05522654414341308
133,-0.07368703233790093,-0.055863012045586795
134,-0.072043193470518,-0.054675918206174096
135,-0.07071372039689743,-0.05355765260891628
136,-0.06933236922430622,-0.052814462263850746
137,-0.06683989757376187,-0.05087799127108893
138,-0.06519838160633286,-0.04965300323093929
139,-0.0635646086387502,-0.04806222015102274
140,-0.06136172518245984,-0.046490770846992394
141,-0.06194941887079882,-0.04728964246661019
142,-0.05904269672847404,-0.044698916497859356
143,-0.05832724354267007,-0.04453187267420259
144,-0.0575692038577111,-0.04400986072527518
145,-0.05308213544674357,-0.040173266238417625
146,-0.05252154225786687,-0.03953215823003123
147,-0.05246114685906523,-0.03971389572336151
148,-0.05130511698200319,-0.03899777266453665
149,-0.04913630272503684,-0.03715874390224129
150,-0.04544908619819863,-0.03420840970200715
151,-0.04423188662235032,-0.033773013069049916
152,-0.04051524669609594,-0.031340824062565935
153,-0.03646333487649403,-0.02745086835426246
154,-0.03430613511929721,-0.02632409589561471
155,-0.03164486607210215,-0.0232631724973115
156,-0.027441191455511518,-0.019416524446993114
157,-0.024599510511896187,-0.017583682492981336
158,-0.019515456812774046,-0.013109846752914616
159,-0.01669081046882072,-0.010533041102801857
160,-0.012991979442212972,-0.007850286360832721
161,-0.008195965337375547,-0.003039269569310668
162,-0.006099160978980367,-0.0007447370471364309
163,-0.003044547539590048,0.0020246330108028825
164,0.0008827019824854156,0.005735944629917868
165,0.007006640560974145,0.011228283683669614
166,0.011856081364751478,0.015437633369613119
167,0.011029128981159876,0.013041018510759743
168,0.014421337213851637,0.015012290300116714
169,0.01920496251893488,0.01860682591287905
170,0.027984750044726222,0.02645247216749908
171,0.03337310363781044,0.030429043191772732
172,0.036296086079812585,0.032599839548275285
173,0.042571787455290035,0.03884696921262429
174,0.04978439181217744,0.046203084261805735
175,0.055909878990635445,0.05302713379859895
176,0.060136782606765166,0.05682196732954232
177,0.06721853026624904,0.06451139667500186
178,0.0708647088939015,0.06911670209109473
179,0.0765658796807788,0.07486966044379245
180,0.08172968627831849,0.08005652583854225
181,0.08561512360122359,0.08452340141928993
182,0.08712113707134125,0.08731674535932814
183,0.09171583318017322,0.09340611141244573
184,0.096936937976576,0.09886596972270865
185,0.09892379173715282,0.10155955137917408
186,0.1022269554716114,0.10561964431527612
187,0.1043198883300834,0.10772393248273014
188,0.10363463284368024,0.10696218171281385
189,0.10515380941353672,0.10902857567953093
190,0.10659013588503712,0.11071989439405572
191,0.10579570410080026,0.11105862214758194
192,0.10271166726199375,0.10864112681077148
193,0.10010692211367714,0.10589031717768291
194,0.10271863596185546,0.10798687183478245
195,0.10576240920146089,0.11073690811683558
196,0.10573840590193716,0.11111353007109875
197,0.10523511091192354,0.1114491644204832
198,0.10565710440355035,0.11193018876453185
199,0.10615188209373295,0.1117360776546344
200,0.10492848811800756,0.11080109625277777
201,0.1062633812915206,0.11193173546660275
202,0.10507328221513455,0.11118390501532452
203,0.10580422140063124,0.11240579965133238
204,0.10316618135297527,0.1097771794818446
205,0.10158273788439397,0.10832095948209601
206,0.10052736700533466,0.10729549600909194
207,0.09893385763695309,0.105643618197375
208,0.09704843717436364,0.10384557703995838
209,0.09407202803342157,0.10007935749732659
210,0.09365932614161042,0.09892010429519002
211,0.09124583308949898,0.09585531414170957
212,0.09022453140976366,0.09459784535807111
213,0.08937125282669443,0.09408898037674632
214,0.0860309226929733,0.0905284722095437
215,0.0846542173202899,0.08884643370744429
216,0.08221517236868546,0.08639413757403866
217,0.08125349178776715,0.08459145631040936
218,0.07996892811325547,0.08281738903509163
219,0.07641721408372863,0.07876657631141495
220,0.07672306257766,0.07862427972089252
221,0.07538429790422377,0.07641017570640489
222,0.07437151352431944,0.07583634923810247
223,0.07520930610769595,0.07580232179254276
224,0.07291118375329533,0.07293937625931424
225,0.07288021175390988,0.07227274766675805
226,0.0728252364550007,0.07136792695528388
227,0.07234284756457227,0.07002152280256892
228,0.07417174412828327,0.0716594802956478
229,0.07388912463389101,0.07114365515500397
230,0.07468355641812789,0.07123568392822227
231,0.07488642301410262,0.07099981186241064
232,0.07600064069199428,0.07193169986012549
233,0.0754810854023033,0.07100522531965876
234,0.07839090474456663,0.07371272729476223
235,0.08080672069663197,0.07575282732627407
236,0.08267510655955945,0.07675586361925016
237,0.0856135750012543,0.07968609069256265
238,0.0849438055145439,0.07923677374096737
239,0.08385823693608375,0.07818269627965173
240,0.08497322891396007,0.07880215045904557
241,0.08635612868652057,0.07950744660337417
242,0.08837705164642139,0.080893291658897
243,0.0881811537503084,0.08056461746883158
244,0.08897713413451454,0.08124129962484859
245,0.08965077512114815,0.08172773742614539
246,0.08782497575737566,0.07990108228041719
247,0.0887502642390161,0.0808337436291675
248,0.0881517303508922,0.07958942181313165
249,0.0859883361938183,0.07690048026287892
250,0.08441418432505264,0.07503206416123653
251,0.0831791758495577,0.07339720007229945
252,0.0832217623487127,0.07301748471389448
253,0.08322253664869732,0.07295097652484595
254,0.0801268853101213,0.0696928486125035
255,0.078551959141371,0.06725988625498407
256,0.07934871382556177,0.06779813857565588
257,0.07871533643812925,0.06714465695070232
258,0.07951983412216641,0.06694977248976942
259,0.0775972472603144,0.06533733558086033
260,0.07723642346747386,0.06464209299999256
261,0.07689418287426461,0.06387028866661545
262,0.07391312793341474,0.06058200006389052
263,0.07238930556365045,0.05874451800366607
264,0.06912717972837759,0.055201796910278746
265,0.06830874464461699,0.054322496782974364
266,0.06422895802556818,0.04989196870089273
267,0.06266719495655669,0.04797173807987533
268,0.059670654016014096,0.04519695456468788
269,0.055882004191188536,0.04151116352974267
270,0.05333300864176574,0.03870776602624365
271,0.04882038833130521,0.034485269372697525
272,0.04928651692205629,0.03545350486907844
273,0.047281854261832824,0.0333523101057662
274,0.042923319648314924,0.029316191051763054
275,0.03877771753057202,0.025669840919625698
276,0.03844012273727058,0.02544479576831033
277,0.0355419178947768,0.022316590829923138
278,0.033510154735091065,0.020093206603010116
279,0.02823175173982521,0.015572196449781072
280,0.024133381921145117,0.012435484650003954
281,0.02218369455983084,0.011348926445199503
282,0.018483314933253822,0.008733453243314343
283,0.016354764275488553,0.007643028283332653
284,0.011978420762324018,0.004953313382044485
285,0.009994664201685741,0.0038512881565310746
286,0.01020991959741464,0.004080973414059133
287,0.007445668652262945,0.0027655033027620735
288,0.0032915492346890364,-0.0003139805203918908
289,0.0010298189795663183,-0.0012497352732839795
290,0.0012303626755871277,-0.0010053563460824093
291,-0.0002694563946534427,-0.0018978034409894095
292,-0.0024119444521421667,-0.0037120849701504336
293,-0.00035540369294807523,-0.002091141199851411
294,0.0005203295896756134,-0.0003402744555971231
295,-0.0016415159674290185,-0.0019186839189465055
296,-0.0052242019963413145,-0.004561224407072346
297,-0.006041862780117278,-0.0050925165684251265
298,-0.008154153138205186,-0.006553376674386412
299,-0.009631517508891303,-0.008058317789368233
300,-0.010281155196001184,-0.008873429780730434
301,-0.014439146113498271,-0.012832213731188782
302,-0.01605356158146502,-0.014624841431357262
303,-0.016995884662767434,-0.014992183173195065
304,-0.019199542419042426,-0.01729986266297192
305,-0.022831783646971446,-0.020360786061275133
306,-0.026121784281691214,-0.022508381886714245
307,-0.028048242643466403,-0.025027186209168405
308,-0.03129720537900044,-0.028395903319579925
309,-0.03321514644094462,-0.029579903754850825
310,-0.03317255994178963,-0.028864554047061414
311,-0.03554501509471534,-0.03208246770556057
312,-0.03871654783178575,-0.03467396702534684
313,-0.04290938224859148,-0.038549229063976814
314,-0.04483429201039739,-0.04014001214389336
315,-0.04883122853109012,-0.044615394586030976
316,-0.05456724281727605,-0.05005591912040771
317,-0.060732219294950505,-0.056143738471454416
318,-0.06459984771820897,-0.060563439639039776
319,-0.06863007913824107,-0.06454542412056156
320,-0.07267037645807344,-0.06836113812946203
321,-0.0773138534659375,-0.07277465248876382
322,-0.07989846681465357,-0.07458893401792484
323,-0.08816024765072321,-0.08433238371353427
324,-0.09241657466626911,-0.08775832880056895
325,-0.09636473028792976,-0.09300551557608368
326,-0.09849947534557212,-0.09597518355220404
327,-0.10510038271459682,-0.10287502149047113
328,-0.10788941125925687,-0.10650358454879318
329,-0.1088061824410663,-0.1080727137997172
330,-0.10991962581897334,-0.10893500020424174
331,-0.11234473337085432,-0.11159146101100562
332,-0.11393979133920516,-0.1142989629861091
333,-0.11623404219368261,-0.11754317057981349
334,-0.11840905085052604,-0.12052753222560736
335,-0.12161155558698192,-0.12435252644693318
336,-0.12182758528269545,-0.12558756805054366
337,-0.12170137438519972,-0.12635395892667264
338,-0.12465687742655661,-0.1296832351342763
339,-0.1270014577800354,-0.13252375348747683
340,-0.1284315898516587,-0.13455302660449242
341,-0.12906496723909122,-0.13562953124583602
342,-0.1273297609735212,-0.13419109831990272
343,-0.12601887109953192,-0.13374487477244923
344,-0.12718496687639422,-0.13477265829855964
345,-0.12751946446975712,-0.1356581452341476
346,-0.12941495083214685,-0.13746623995502505
347,-0.12906341863912196,-0.13766421782009974
348,-0.12966659832715363,-0.13763019037454002
349,-0.12978738912475693,-0.13781115451683487
350,-0.13008162311891872,-0.1381537490255383
351,-0.1293181633340673,-0.1377539265402117
352,-0.130619761608241,-0.13911966446881288
353,-0.12852218294986115,-0.13703084332206783
354,-0.12572308850540082,-0.13408282917494
355,-0.12606223189867152,-0.13474172425714173
356,-0.12682801458347687,-0.13557617002439012
357,-0.12505873911858287,-0.13392970566992132
358,-0.12488297302207041,-0.133525243078382
359,-0.12455699272853851,-0.13348270877143237
360,-0.12299832685946559,-0.13152690400278436
361,-0.12151863958882554,-0.12969792880394984
362,-0.11904010533800466,-0.12709714927173818
363,-0.1180157064583308,-0.1261072599463647
364,-0.11696498137917931,-0.12527977433843535
365,-0.11600252649827633,-0.1239403303450394
366,-0.11660260898636948,-0.12446234229396681
367,-0.11687825978090002,-0.12471522808255832
368,-0.11540863841006029,-0.12313140516196079
369,-0.11498199911852566,-0.12269755523107446
370,-0.11524216391336348,-0.1232621014869515
371,-0.11596071429910598,-0.12350416036104672
372,-0.11503232861752703,-0.12295508112587865
373,-0.11361148814571935,-0.12184300233690441
374,-0.11379190004213963,-0.12165971814150323
375,-0.11480700732199783,-0.12279577081257635
376,-0.1148379793213833,-0.1226983285821099
377,-0.11460026922609994,-0.12266352778551474
378,-0.11418059863442706,-0.12241064199692323
379,-0.1146204010257005,-0.12298292176315477
380,-0.1134016528498829,-0.12139832549152178
381,-0.11184530988076388,-0.12001480048910532
382,-0.11146357998833818,-0.1198230094323142
383,-0.11089834099955366,-0.11887488106285496
384,-0.11001099321716042,-0.11767773365998145
385,-0.10969198162349027,-0.11744263494520524
386,-0.10878682494145038,-0.11667547071804084
387,-0.10860021864515304,-0.1164171714722012
388,-0.10891071293899221,-0.11653240077648294
389,-0.10798542445735179,-0.11585881202460774
390,-0.10767493016351262,-0.11562448666086698
391,-0.10817435365360303,-0.11617433924707052
392,-0.1076617670637738,-0.11542960219993409
393,-0.1081735793536184,-0.11569254155198642
394,-0.10747593506746107,-0.11502823301253658
395,-0.1060976810948084,-0.11369033572121151
396,-0.10591804349837279,-0.11338176865806776
397,-0.1059164948984035,-0.11353411881205103
398,-0.10547591820714546,-0.11299973324655645
399,-0.1052173020122769,-0.11256046985842198
400,-0.10372522594188271,-0.11116998469668647
401,-0.1028812389586291,-0.1103602861625724
402,-0.10208758147437687,-0.1096866974106972
403,-0.10115145279295155,-0.1086658740439058
404,-0.10130553848989417,-0.10851275053888709
405,-0.10146349568675997,-0.10817402278536088
406,-0.10114603269305909,-0.10789329635949327
407,-0.10106318259470301,-0.10754064828732895
408,-0.10039496170796185,-0.10673404315735668
409,-0.10058234230424383,-0.10663969433103204
410,-0.10034308360899122,-0.10620120429393301
411,-0.10070623030178566,-0.10637520827690881
412,-0.10136670818868043,-0.1070951980909109
413,-0.10119403929210653,-0.10678740437880262
414,-0.10111506069367364,-0.1066744951276272
415,-0.10199466547622049,-0.10728466909459568
416,-0.10124978889100036,-0.10670774922215147
417,-0.10127379219052408,-0.10691423394861609
418,-0.10137754838846535,-0.10695908830867208
419,-0.1009671693966081,-0.10652910513296297
420,-0.1010074329958092,-0.10642547609421293
421,-0.10035237520880685,-0.1057000728229627
422,-0.10019209511198714,-0.10548198783096638
423,-0.10024010171103458,-0.10565289840980038
424,-0.09974764692080587,-0.10534974480390476
425,-0.09932255622924054,-0.10482231939772922
426,-0.09935507682859528,-0.10483391966326093
427,-0.09935507682859528,-0.10483391966326093
428,0.04600425928718288,0.005446711342660313
429,0.04600425928718288,0.005446711342660313
430,0.04441617001869377,0.004149801656214006
431,0.04398565922723597,0.00437716686063572
432,0.040980600986862376,0.00173849312768712
433,0.0391160866238581,8.042850768659273e-05
434,0.03836501563876086,-2.4747233134336226e-05
435,0.03984470290940087,0.0013688313327429728
436,0.040125773803823865,0.001665798130355007
437,0.038447091437132305,-3.8667551772400354e-05
438,0.036152066282670224,-0.0022164240675939884
439,0.036141226082885315,-0.0016820385020994153
440,0.035418029897234984,-0.002071034072929763
441,0.03493331810685264,-0.0020702607218943147
442,0.036349512778752494,-0.00017168392986945756
443,0.035458293496436075,-0.000883166882481624
444,0.03302776584466264,-0.003169965894301381
445,0.033109841643034085,-0.002716008836493401
446,0.031741653570181695,-0.003707444863937746
447,0.032289083659319574,-0.003087217333508444
448,0.030241834499941122,-0.004645519669936178
449,0.026307616278003935,-0.00697330628663468
450,0.02646944497479292,-0.00667479278695175
451,0.027620829051947147,-0.004888351895066853
452,0.02707262466282463,-0.0047870429094231635
453,0.023911932125539128,-0.006755221294638342
454,0.02432308541738102,-0.005401083631568882
455,0.022383463955867017,-0.006048378448238864
456,0.023011421243407076,-0.005217799436167703
457,0.02011011920097475,-0.007420303185123628
458,0.01744343005388723,-0.009588006137484392
459,0.016963364063412707,-0.00932506678543207
460,0.014168915418860192,-0.01183149749131906
461,0.01673262266799108,-0.008728039786066209
462,0.019128306820455885,-0.005186865394749784
463,0.02039119009539774,-0.0034127981194320553
464,0.019408603414894237,-0.0031962598295066135
465,0.022114781861198207,0.0006898291236196223
466,0.023302558037630337,0.002641767137090392
467,0.024052854722742944,0.003917022994544155
468,0.02731807775795434,0.00793922172990924
469,0.03074125799003155,0.011341192934845024
470,0.035018491105162634,0.016265892328577933
471,0.036123417183238686,0.018702721441274602
472,0.04046027139718676,0.02452373468509175
473,0.037396366357980805,0.02287572362855205
474,0.03864144073327602,0.02575181612938319
475,0.04410490142486997,0.0311598599202711
476,0.04749556105759245,0.03463839287771624
477,0.044337965720245495,0.03342809850724011
478,0.04379827863095397,0.03365855711580361
479,0.04181684497026961,0.0323647408334991
480,0.04399417652706697,0.03552310646226876
481,0.046081689285646515,0.03885856947815601
482,0.04693419356873111,0.039567732377661834
483,0.0438114417306928,0.03689657790122442
484,0.04257720755518249,0.03653696966974109
485,0.042581079055105664,0.03710074257458269
486,0.041174175983021456,0.036470461480692565
487,0.03909982632418073,0.03499954781127045
488,0.0367823464701642,0.03366861067926443
489,0.030086974503013852,0.027412974153525508
490,0.026759033169046913,0.02460648324588469
491,0.024115573021498485,0.023001006496294628
492,0.018830201326370897,0.01857047841421299
493,0.0136106451299374,0.014434597076637051
494,0.012333824455272095,0.01324286313101167
495,0.008391088933503902,0.009127088920357379
496,0.005750725985894019,0.007242432446970587
497,0.0036337898278982947,0.005414230599171498
498,-0.0006535091870330621,0.000989115974338001
499,-0.003726705826054654,-0.0018428955174726008
500,-0.005015915300474142,-0.0035396276892455283
501,-0.008061237140048826,-0.006162834401485168
502,-0.011747679366902391,-0.009605019860264248
503,-0.013801122926157936,-0.011231377087811408
504,-0.019050102522007614,-0.01618933057606858
505,-0.021480630173781056,-0.01875762936479141
506,-0.02177099266801968,-0.019104863979707568
507,-0.02595763268494831,-0.023472750627917913
508,-0.029481471915028243,-0.02650351333583865
509,-0.03281251044893374,-0.028910955109188296
510,-0.031763333969751506,-0.028223446038675017
511,-0.033503960335213974,-0.029108159623227537
512,-0.03372695873078924,-0.028892394684337547
513,-0.034289874819619856,-0.02906871872041969
514,-0.034637535512721564,-0.029257416373069
515,-0.036783895070133465,-0.03130911667011257
516,-0.03700147336581628,-0.030444510212481693
517,-0.03761859045357143,-0.031186153855476333
518,-0.03795928244681142,-0.030212504901847292
519,-0.037485410856213985,-0.0301514101700469
520,-0.03756980955453935,-0.02969822646327437
521,-0.03622872198114922,-0.027855330945801768
522,-0.039050271125164,-0.029900071083526294
523,-0.03837121003863794,-0.029057118454887967
524,-0.03890005692814456,-0.029845163160009486
525,-0.039704554612181704,-0.03058526010093323
526,-0.04254158975588921,-0.03374362572970289
527,-0.042454868157609946,-0.033923816520962276
528,-0.04364419293401135,-0.034634526122539
529,-0.04539565949925872,-0.03542721093387321
530,-0.0479996303475907,-0.037787478294060525
531,-0.052667110654978505,-0.04240670402879147
532,-0.054375990721070876,-0.04415911747511665
533,-0.05740582656095283,-0.04693622104341045
534,-0.058409319341041516,-0.04792533701774844
535,-0.05910851222716812,-0.048520817315043416
536,-0.0628592213527465,-0.05161886156304813
537,-0.0651565694071625,-0.054235881467004185
538,-0.06879035923506079,-0.0577979363362777
539,-0.06823286324612263,-0.05763939937401086
540,-0.0675181843603033,-0.05657217494509262
541,-0.06729596026471267,-0.05608419044172492
542,-0.0650690735088986,-0.05349423782400955
543,-0.06452628921966852,-0.05332100719206919
544,-0.06306905664858295,-0.05238061233296442
545,-0.06363197273741356,-0.052908037739139956
546,-0.0629552345508414,-0.052337304674979324
547,-0.062180934566205076,-0.051763478206676906
548,-0.06168383397606856,-0.051424750453150675
549,-0.06430638802403181,-0.05388323339483989
550,-0.06601526809012419,-0.055520417536883325
551,-0.06721930456623368,-0.056502573351902285
552,-0.06731222056439004,-0.05665028339967286
553,-0.06653637197978443,-0.05582666454692073
554,-0.06531142940408975,-0.05400851626258247
555,-0.06901413193062068,-0.05769662735063401
556,-0.0697048075169163,-0.058482352002649195
557,-0.07050465940104562,-0.0586695029532276
558,-0.07199208967153202,-0.05987825062163285
559,-0.07381866333528911,-0.06147444715879753
560,-0.074340541524934,-0.062000325862902175
561,-0.0753765549043774,-0.0629221602971562
562,-0.0735902448398214,-0.061122572437668686
563,-0.0714144618829933,-0.059710433446940624
564,-0.07145317688222512,-0.05981019573051342
565,-0.0719789265717932,-0.06042810320783638
566,-0.07113571388852423,-0.06020847151376914
567,-0.07199363827150128,-0.06067170878400251
568,-0.07024759180614636,-0.05891697528457097
569,-0.07009815190911155,-0.05934541175820916
570,-0.07099866279124359,-0.06029972693595201
571,-0.07143769088253239,-0.06081555207659582
572,-0.06914731152797814,-0.059096392724794916
573,-0.06818408234709053,-0.05812119706909498
574,-0.06742991416205475,-0.05801756803034494
575,-0.06680040827454542,-0.05783041707976652
576,-0.0656575414972222,-0.057516436559374634
577,-0.06465482301711815,-0.05698050429180916
578,-0.06397034183069963,-0.05631464905028843
579,-0.062180934566205076,-0.05513760877433656
580,-0.0610047728895425,-0.05403094344261046
581,-0.06092734289107886,-0.05407734450473734
582,-0.061126337987130394,-0.05505022010733093
583,-0.0632045591458943,-0.057140587956146904
584,-0.06277714555437505,-0.0572952581632365
585,-0.06167996247614537,-0.056822740680577764
586,-0.06152974827912592,-0.05697741088766737
587,-0.06146083558049329,-0.056815780521258734
588,-0.0604550199004507,-0.05598288145608123
589,-0.06440162692214207,-0.06064928160397451
590,-0.0630574421488134,-0.05987902397266829
591,-0.06210350456774144,-0.05885433385069968
592,-0.05997030811006836,-0.056699777865941534
593,-0.05770625495499172,-0.05509507446738692
594,-0.055911427590604725,-0.05328156628926134
595,-0.05670276217490304,-0.05466509129167783
596,-0.05587193829138827,-0.05444932635278783
597,-0.053034128847696115,-0.05176502490874779
598,-0.05065780219484722,-0.05007138614111666
599,-0.04821411144333497,-0.04908149681574321
600,-0.046023616786798796,-0.04607780139406316
601,-0.045531161996570084,-0.04584192932825151
602,-0.044065412125653514,-0.044435977145807035
603,-0.043418097338497545,-0.04344067436318545
604,-0.04234491755979159,-0.043480115265993304
605,-0.04182923377002379,-0.04303621177164615
606,-0.04416142532374842,-0.04534621131452935
607,-0.042431639158070855,-0.043292964315414885
608,-0.04233949745989913,-0.04294418299842783
609,-0.04238285825903877,-0.0428003397058345
610,-0.04333447294015682,-0.04435864204226224
611,-0.04387725722938688,-0.044776251601404166
612,-0.044201688922949504,-0.045161380417057265
613,-0.04414284212411715,-0.044847399896665384
614,-0.04203055176602924,-0.043424433991441046
615,-0.04326401164155492,-0.04448547161207571
616,-0.04272742175220194,-0.042657269764276626
617,-0.04314864094384409,-0.04337493952517237
618,-0.042346466159760864,-0.04301378459161816
619,-0.04119895358252982,-0.04110979434234516
620,-0.0423580806595304,-0.04143614847930422
621,-0.04418930012319532,-0.04374537467115197
622,-0.04444791631806386,-0.04527660972133902
623,-0.04640844387916304,-0.04635466106475354
624,-0.04532519820065682,-0.04519076775640429
625,-0.04320439054273792,-0.04289932863837184
626,-0.04281878915038903,-0.042877674809379304
627,-0.04234027175988377,-0.04296351677431403
628,-0.04377427533143025,-0.04350176909498584
629,-0.04369761963295125,-0.042993677464696504
630,-0.04273593905203293,-0.04329373766645033
631,-0.04133445607984118,-0.04203936228695366
632,-0.04057486779491294,-0.041057979822970145
633,-0.03719737126192927,-0.03805041764611285
634,-0.03507888650396427,-0.03649598206486235
635,-0.03165570627188706,-0.03256426540064468
636,-0.029277056719084257,-0.029502568651306023
637,-0.026876726766711632,-0.026576981684206212
638,-0.02493245950528981,-0.024457999847078672
639,-0.020096181801251296,-0.01919921280603222
640,-0.016950975263658526,-0.016056314197971523
641,-0.011847564064920477,-0.010575575409751495
642,-0.00844683853239772,-0.006827142940935007
643,-0.007961352442030742,-0.0062355293988172805
644,-0.004645025607833341,-0.0024507494313347343
645,-0.0020263430597932744,-2.320053106344021e-05
646,0.003024415739989503,0.005538740115878626
647,0.0037607750253786524,0.006922265118295111
648,0.006709309366873795,0.009902760008911732
649,0.008658996728188073,0.011855471373417949
650,0.011427893473247588,0.014319367772355299
651,0.013160776838863693,0.01627903929618055
652,0.014470118112883724,0.01776387328424072
653,0.014721765607890533,0.018674107452963024
654,0.016948652363704617,0.021553293357935956
655,0.019468998813695872,0.023730276522722096
656,0.020096181801251296,0.023666088386779912
657,0.019640893410285132,0.023599580197731385
658,0.020299048397226013,0.024852408875157155
659,0.021937467164716486,0.02670535795609058
660,0.023355984736570242,0.028259020186305626
661,0.02446865381449265,0.029486328279561613
662,0.0255247989935366,0.03090465407857326
663,0.025239856599190435,0.03098972269247254
664,0.025587517292292146,0.031674911709879475
665,0.027012229264022993,0.0329045398562418
666,0.02766806135100996,0.033964804125841026
667,0.027142311661441897,0.033830241045673067
668,0.028217814340101757,0.03485106441246444
669,0.028972756825122178,0.03545505157114933
670,0.030443926795931203,0.03672566732239041
671,0.03164022027219433,0.038345064390618536
672,0.03209008856326804,0.03871472618556268
673,0.033498540235321526,0.03988016619598283
674,0.03407849092381413,0.04075946632328721
675,0.035413384097327166,0.041669700492009513
676,0.03685822786865856,0.04279879300376361
677,0.03874442263123265,0.04465096873366159
678,0.03893412612746855,0.045029910741031104
679,0.039357668219064626,0.045561202902383885
680,0.03895658082702301,0.044776251601404166
681,0.03951794831588435,0.04555810949824209
682,0.03997478530681979,0.04608476155338218
683,0.04136155657930345,0.047431165706097164
684,0.041104488984404185,0.0474814335234013
685,0.041478475876983535,0.0478039209051831
686,0.04234569185977622,0.04860201917376546
687,0.0424153788583935,0.04852932417643334
688,0.04199415966675133,0.048292678759586254
689,0.04204990926564515,0.048492203326731834
690,0.04198099656701251,0.048503803592263556
691,0.04320671344269182,0.04981154019320613
692,0.0446577516139003,0.050959193129810974
693,0.04679559387148121,0.05268453928989548
694,0.04653155757672022,0.05225687616729273
695,0.0471130568651821,0.052833022688701506
696,0.04759776865556445,0.053396795593543094
697,0.04777198615210762,0.053587039948263304
698,0.04896363382846294,0.05490019000645402
699,0.04920831262360801,0.05507032723425258
700,0.04930510012168755,0.05504712670318915
701,0.05052152539755123,0.05610352421761112
702,0.052498313258327774,0.057945646384048276
703,0.052453403859218865,0.057862897823255335
704,0.052899400650369396,0.058295201052070776
705,0.053106138746267295,0.058745291354701516
706,0.05397180612909071,0.05952250914532675
707,0.0546299611160316,0.06012494960194076
708,0.054434063219918595,0.05991537147133434
709,0.05437057062117842,0.059882890727845535
710,0.05381230033225563,0.05919538165733225
711,0.053623371136004364,0.058978070016371356
712,0.05428849482280697,0.059730540573862276
713,0.054439483319811056,0.05974214083939399
714,0.05519132860489294,0.06051935863001925
715,0.05516422810543067,0.06056653304318156
716,0.05568533199509091,0.061052197493442914
717,0.05631716078255416,0.061539408645775166
718,0.05718902256525466,0.06234601377574743
719,0.05672676547442677,0.06179152108333121
720,0.05654790217797578,0.06142804609667065
721,0.05720992866483984,0.061923764110392826
722,0.05722541466453257,0.061950058045598055
723,0.05696757276964867,0.061762133743984184
724,0.0568382646722144,0.06155332896441323
725,0.05647898947934315,0.06122852152952506
726,0.05617933538528889,0.06092923467880669
727,0.05617933538528889,0.06092923467880669
728,0.18091674001024766,0.1717666784302505
729,0.18091674001024766,0.1717666784302505
730,0.18221608580893286,0.17196936286576028
731,0.18505537342812886,0.1745151680102327
732,0.1851436436263774,0.17471391922634286
733,0.18404181474823988,0.17464431763315252
734,0.18381959065264925,0.17440612551423457
735,0.18480450023310666,0.1756326602564551
736,0.18437553804161813,0.17471391922634286
737,0.18278744877312905,0.17343711666681821
738,0.18285094137186922,0.1728942242399337
739,0.18041499362020333,0.1707195611282539
740,0.18412079334667278,0.1742715624340666
741,0.1841401508462887,0.17464277093108166
742,0.18290127087087057,0.17353301219521375
743,0.18262871727627858,0.17432260360240617
744,0.18340146866094567,0.17465359784557788
745,0.1862416010045917,0.17669137782398345
746,0.18839338066189606,0.17803391522152115
747,0.187586560077905,0.17646787937473896
748,0.18771509387535465,0.17693962350636222
749,0.18695782849038028,0.17638435746291056
750,0.18600621380926227,0.1750402733633019
751,0.18637555490193378,0.17478584087263951
752,0.18574914621436298,0.17406817111174377
753,0.18150133649864808,0.1699833309425074
754,0.18005184692740886,0.16872740886093984
755,0.17846066045898124,0.16717684003486658
756,0.17806499316683205,0.16689843366210527
757,0.1729166725689851,0.16187010522962236
758,0.17113655690430618,0.15885712959551693
759,0.17099021420720992,0.15686807073234466
760,0.17228406948153724,0.1581688471739682
761,0.1721431468843334,0.15875350055676687
762,0.16828171286095206,0.15585884763108498
763,0.16924107054191645,0.15695004594210213
764,0.16710322828433552,0.1547490888952171
765,0.16691971918797674,0.15462612608058088
766,0.16735797297928087,0.15514891138054374
767,0.16158711519378635,0.14989631114778088
768,0.1576025674728478,0.14617571931624052
769,0.15145307699486607,0.14123709960386954
770,0.14942828253504206,0.13923876052827186
771,0.14912940274097244,0.13795809121357
772,0.1479695013639872,0.13607575479328954
773,0.14401437704246484,0.1323381492389693
774,0.14225903897729428,0.1293112532862258
775,0.13847968075228434,0.12547001869315555
776,0.13688307418396425,0.12429993857652272
777,0.13592603940295372,0.1230447898459906
778,0.13248737317118378,0.11921360881638118
779,0.12957600522895119,0.11653162742544751
780,0.12541646571148485,0.1127476208090004
781,0.12112219799669176,0.1084044813939244
782,0.11483255922149084,0.10172427514972451
783,0.10906557293591945,0.09625436327600075
784,0.10258777926445194,0.08941716677160491
785,0.0924568382654702,0.07924218719821549
786,0.08527675450793752,0.07232224213302672
787,0.07748342516257287,0.0635470279337982
788,0.06800134755071637,0.055101261275670506
789,0.061306749883550664,0.04899410814873759
790,0.05391528223021226,0.04173466197898715
791,0.049289614121994826,0.037499018357838414
792,0.0455187731968159,0.033731252113135726
793,0.04496592300778557,0.03346753941004795
794,0.042563270155459035,0.030941774928274757
795,0.040429299397801315,0.02901690420104467
796,0.037464504756628804,0.026020168938683644
797,0.034990616305715726,0.02449357399470928
798,0.032990599445400094,0.023048954260492402
799,0.030105557702645128,0.020588151265696845
800,0.02817677644091603,0.01885507159525786
801,0.02581206428783668,0.016715982631208673
802,0.02484651220699518,0.015611637352588918
803,0.024302953617780475,0.015316217257047779
804,0.020580893591633637,0.011930486423856405
805,0.018570036531533093,0.009586459435413495
806,0.016530530372001,0.007871940189825264
807,0.014648207109350081,0.005744451491307797
808,0.01147125427238722,0.0019403377479390495
809,0.006212983076721908,-0.003220233711605502
810,0.0030135755402045943,-0.006665512574526373
811,-0.0003375947933014397,-0.009574859169881775
812,-0.003794844224702651,-0.012406870661692377
813,-0.009683395607861937,-0.018101827686731502
814,-0.011036097681021605,-0.01895251382572431
815,-0.012689228148220167,-0.019988804213224638
816,-0.015286230296690418,-0.022833962672637858
817,-0.01673959136785281,-0.02418423358053008
818,-0.02296418894434426,-0.029709826728806083
819,-0.022296742357587742,-0.028954262767173385
820,-0.02342567173518751,-0.03015063681901145
821,-0.024059049122620035,-0.03033082761027084
822,-0.025395490896102334,-0.03126735571419837
823,-0.026473316474716107,-0.03156277580973951
824,-0.02945979151545843,-0.034561057774171434
825,-0.03133204887830907,-0.03657718392358439
826,-0.03401499832507395,-0.03860800374267086
827,-0.03582608598913833,-0.0398732060366638
828,-0.037732412551312974,-0.040959764241468244
829,-0.038964323826869374,-0.04154596432633783
830,-0.04088923358867529,-0.043237283040862634
831,-0.04140414307845845,-0.04370980052352136
832,-0.043232265342184814,-0.045164473821199064
833,-0.043539662436085445,-0.045075538452122546
834,-0.04540882259899755,-0.04629897979020129
835,-0.046588855775583304,-0.04705686380494033
836,-0.047100668065427925,-0.04759588947664759
837,-0.04730663186134119,-0.04791992356050031
838,-0.05075071819300357,-0.05088495143040797
839,-0.05201360146794543,-0.05229631707010057
840,-0.05170543007406017,-0.05099554062847704
841,-0.05166052067495127,-0.050826176751713914
842,-0.05020096520391179,-0.049195952768989526
843,-0.04869572603377876,-0.04786424228594805
844,-0.050359696700762235,-0.049680843868215425
845,-0.04644948177834877,-0.04589761060280377
846,-0.04446185371778731,-0.04420165178206629
847,-0.04365580743378089,-0.043042398579929725
848,-0.04350481893677681,-0.04294727640256962
849,-0.04327407754135518,-0.0427230046022897
850,-0.04500231510706347,-0.044883747395331436
851,-0.046509877177150404,-0.046504691165630455
852,-0.04774720855259926,-0.048422601733541515
853,-0.04862681333514613,-0.049438784994120195
854,-0.050180833404311245,-0.050430994372599985
855,-0.05196714346886726,-0.05193593548758181
856,-0.0528823660507074,-0.05296294566265677
857,-0.05449291001875096,-0.053624934149000256
858,-0.05635122998187815,-0.05449650076595016
859,-0.05816154334595789,-0.056806500308833364
860,-0.058033009548508256,-0.0560323759223499
861,-0.06013136250687272,-0.05762315900226645
862,-0.059128644026768665,-0.057373366617816744
863,-0.06095521769052577,-0.058944815921847096
864,-0.06541286270207712,-0.0627806370576692
865,-0.06638538348278035,-0.0635006268716713
866,-0.07016706460774418,-0.06726839311637399
867,-0.07522634070735797,-0.07196340725257885
868,-0.07808118475071212,-0.07526097606772915
869,-0.0841106587310752,-0.08125444659245121
870,-0.08596975299418703,-0.08328371970946678
871,-0.0902980899083041,-0.08751008311819014
872,-0.09482309901851882,-0.09130182324499171
873,-0.09842514254704703,-0.09475947572447975
874,-0.10402642863590623,-0.10066014412494803
875,-0.10441435292820903,-0.10107775368408997
876,-0.10922895023267773,-0.10561732426216978
877,-0.1114147990893061,-0.10761566333776743
878,-0.11298430515816392,-0.10955677443674192
879,-0.11877606904324367,-0.11536309401088557
880,-0.12340715725135357,-0.11939766636281782
881,-0.1271276686775311,-0.1233038624428657
882,-0.12892327034190276,-0.12495342020147629
883,-0.12811799835788099,-0.12368976460955425
884,-0.13140567609264683,-0.1271798978325311
885,-0.13460663222913344,-0.13043183893658997
886,-0.1384641947525916,-0.1335639106301544
887,-0.14032716051562663,-0.13526296285503367
888,-0.14397875924317155,-0.13947849934926076
889,-0.1426670950691976,-0.13783126164375653
890,-0.14264851186956634,-0.13656760605183446
891,-0.14639999529512937,-0.1399688039057348
892,-0.1487283153489308,-0.14227338999136988
893,-0.14962030893123188,-0.1426817193380864
894,-0.1493887932358256,-0.14220920185542768
895,-0.15034737661680536,-0.14334138777132355
896,-0.1524472781751391,-0.1448610225559789
897,-0.15516507112121264,-0.14706739306011204
898,-0.15718599408111342,-0.14911290654887205
899,-0.15664243549189874,-0.1478577578183399
900,-0.15504195742365545,-0.14621206681490653
901,-0.15717360528135926,-0.14807661616137172
902,-0.15488632312674352,-0.14554466487131493
903,-0.15461841533205936,-0.14488654314014868
904,-0.1566989593907772,-0.14752831027723906
905,-0.1568631109875201,-0.14763348601805998
906,-0.1566401125919448,-0.14748036251304128
907,-0.15815154616195495,-0.14880511283676373
908,-0.1563342640980135,-0.146889522321959
909,-0.15664940419176046,-0.1477255147912783
910,-0.15432185843794366,-0.14544335588567123
911,-0.1552603100193229,-0.14699701811588628
912,-0.15440780573623827,-0.14585323193445868
913,-0.1515800621923464,-0.14280081539754538
914,-0.15131370299763153,-0.14258582380969084
915,-0.15410195724230694,-0.14459885655496202
916,-0.15177518578847476,-0.1421628007933008
917,-0.15106282980260932,-0.1413832629495692
918,-0.1492927800377307,-0.13977469279583735
919,-0.14767836456976396,-0.13815065562139653
920,-0.1438494511457373,-0.1338972249264325
921,-0.14050447521210835,-0.13033362335508805
922,-0.13801664936147182,-0.1277212435573447
923,-0.13715330487860233,-0.12682183630311866
924,-0.13532285971492203,-0.12493949988283823
925,-0.134311623934987,-0.12387150210288453
926,-0.13340724155293177,-0.12242224226245496
927,-0.12928564273471257,-0.11830801475387157
928,-0.12830692755413226,-0.11742252781828359
929,-0.12796236406096909,-0.11747124893351683
930,-0.12509900271778396,-0.11484958892334808
931,-0.12463209982704825,-0.11380015156824513
932,-0.1212553775940492,-0.11031233839837462
933,-0.1186382436459784,-0.10776027998139621
934,-0.11366646344462854,-0.10278608612139462
935,-0.11165250918458944,-0.101278051602271
936,-0.1105816523058374,-0.10011879840013445
937,-0.10683249178022829,-0.09605715876196151
938,-0.10392654393788815,-0.09288023270834109
939,-0.10145575268691362,-0.0900064602606163
940,-0.09931636182936344,-0.08745130843949608
941,-0.09562682240257132,-0.0839588551634129
942,-0.09197135217510322,-0.08065741959308534
943,-0.09257530616311956,-0.0804571216749043
944,-0.09120866669023643,-0.07936205660870993
945,-0.08911883103170298,-0.07752070779330823
946,-0.08863953934121309,-0.07718275339081745
947,-0.08781800705751394,-0.07696157499467932
948,-0.08721482736948225,-0.07604438066663798
949,-0.08654350928280255,-0.07582010886635807
950,-0.08779710095792877,-0.07734515710826154
951,-0.08641962128526073,-0.07613022263157272
952,-0.08682922597713336,-0.07668858207916618
953,-0.08662635938115865,-0.07678834436273896
954,-0.08656286678241847,-0.07701106946094799
955,-0.08954856752317615,-0.07995985695911126
956,-0.09103599779366253,-0.08165736248191961
957,-0.0933139883484626,-0.08396426862066103
958,-0.093091764252872,-0.08401685649107149
959,-0.0942810890292734,-0.08558366568888914
960,-0.09507629511349489,-0.08723786355371244
961,-0.09588388999747059,-0.08847213180628745
962,-0.09719168267152134,-0.089817762607967
963,-0.09934578522877963,-0.09187951646847138
964,-0.10043599960714758,-0.09297767493880756
965,-0.1012614033907699,-0.09356310167264167
966,-0.10077669160038756,-0.09354144784364914
967,-0.10167952538247352,-0.09465197993055248
968,-0.10142090918760499,-0.0941802357989292
969,-0.1014704643866217,-0.09447256249032854
970,-0.1021905633723335,-0.09509511007386419
971,-0.10154247428519288,-0.0943186656342744
972,-0.10208448427443832,-0.09490177231500217
973,-0.1030748139547882,-0.09570760409393901
974,-0.10228580227044376,-0.09484995779562717
975,-0.10240736736803167,-0.09518017868776346
976,-0.10230206257012113,-0.09530468820447059
977,-0.10276664256090291,-0.09575632520917222
978,-0.10180883347990778,-0.0947424620016999
979,-0.10127379219052408,-0.09444008174683972
980,-0.10027494521034322,-0.09367678427485253
981,-0.10119558789207582,-0.09459088519875208
982,-0.10244143656735566,-0.0956882703180528
983,-0.1024545996670945,-0.09595739647838872
984,-0.10308642845455772,-0.09666191927168186
985,-0.1026001680642061,-0.09626055008428434
986,-0.1019389158773267,-0.0955769077689483
987,-0.10178947598029188,-0.09518095203879891
988,-0.10123120569136906,-0.09476411583069244
989,-0.10027726811029714,-0.09370539826316412
990,-0.09943095822708961,-0.09266369441841567
991,-0.09900973903544746,-0.09212621544877929
992,-0.098953215136569,-0.09237910123737078
993,-0.09705385727425608,-0.09062900784415195
994,-0.097243560770492,-0.09043489673425449
995,-0.09691061177709837,-0.09038462891695037
996,-0.09605655889404449,-0.08957647708490722
997,-0.09553855220432278,-0.08894696934205254
998,-0.09543324740641226,-0.08923929603345188
999,-0.09389471333693986,-0.08768795385634318
1000,-0.09326288454947662,-0.08684964133391754
1001,-0.09287263735721991,-0.08645987241205173
1002,-0.0912907424886079,-0.0852093637877323
1003,-0.09094695329542936,-0.08483274183346914
1004,-0.0903468708073362,-0.0841297657422469
1005,-0.08898565143434554,-0.08255908978925201
1006,-0.08804642555298167,-0.08192494194018464
1007,-0.08775993455866622,-0.08127919382558554
1008,-0.08716759507041943,-0.08071542092074395
1009,-0.08660158178165027,-0.08016634168557588
1010,-0.0860820264919593,-0.07965360994907385
1011,-0.08646530498435427,-0.0799157759500907
1012,-0.08586212529632258,-0.079517500166835
1013,-0.08473551881867672,-0.07853998445802869
1014,-0.08422912662872457,-0.0777426595404818
1015,-0.08297321205364444,-0.07644961660921275
1016,-0.08279822025711664,-0.0762879862428041
1017,-0.08166309647963975,-0.07543807345484674
1018,-0.08113812109005633,-0.07509779899924962
1019,-0.08098326109312906,-0.07490523459142308
1020,-0.08030652290655692,-0.0742532996685404
1021,-0.07993485891393148,-0.0739261721805459
1022,-0.08000609451251803,-0.07377923548381077
1023,-0.08036691830535855,-0.07405377510139483
1024,-0.07947647332302676,-0.0732046356644729
1025,-0.07976219001735757,-0.07347685522895059
1026,-0.07926741232717496,-0.07310100662572286
1027,-0.07926741232717496,-0.07310100662572286
